{
  "head": {
    "docType": "4",
    "editorVersion": "6.5.48",
    "c_para": {
      "package": "EE8.3",
      "pre": "U?",
      "Contributor": "Stellar823",
      "link": ""
    },
    "hasIdFlag": true,
    "x": 4016.3425,
    "y": 3016.114,
    "uuid": "bbb1f2543e6e422490acbbb3e97c9ac1",
    "utime": 1580319944,
    "importFlag": 0,
    "transformList": "",
    "uuid_3d": ""
  },
  "canvas": "CA~1000~1000~#000000~yes~#FFFFFF~10~1000~1000~line~0.5~mm~1~45~visible~0.5~4016.3425~3016.114~0~none",
  "shape": [
    "TRACK~1~3~~4000.208 3000.175 4032.098 3000.175 4032.098 3032.065 4000.208 3032.065 4000.208 3000.175~gge40~0",
    "ARC~1~3~~M 4004.539 3022.6157 A 0.2784 0.2784 0 1 1 4004.1453 3022.222~~gge41~0",
    "ARC~1~3~~M 4004.1453 3022.222 A 0.2784 0.2784 0 1 1 4004.539 3022.6157~~gge42~0",
    "PAD~ELLIPSE~4006.5~3004.5~6~6~11~~6~1.1811~~0~gge43~0~~Y~0~0~0.4~4006.5,3004.5",
    "PAD~ELLIPSE~4016.342~3004.5~6~6~11~~5~1.1811~~0~gge44~0~~Y~0~0~0.4~4016.342,3004.5",
    "PAD~ELLIPSE~4026.185~3004.5~6~6~11~~4~1.1811~~0~gge45~0~~Y~0~0~0.4~4026.185,3004.5",
    "PAD~RECT~4006.5~3027.728~6~6~11~~1~1.1811~4003.5 3024.728 4009.5 3024.728 4009.5 3030.728 4003.5 3030.728~0~gge46~0~~Y~0~0~0.4~4006.5,3027.728",
    "PAD~ELLIPSE~4016.342~3027.728~6~6~11~~2~1.1811~~0~gge47~0~~Y~0~0~0.4~4016.342,3027.728",
    "PAD~ELLIPSE~4026.185~3027.728~6~6~11~~3~1.1811~~0~gge48~0~~Y~0~0~0.4~4026.185,3027.728"
  ],
  "layers": [
    "1~TopLayer~#FF0000~true~true~true~",
    "2~BottomLayer~#0000FF~true~false~true~",
    "3~TopSilkLayer~#FFCC00~true~false~true~",
    "4~BottomSilkLayer~#66CC33~true~false~true~",
    "5~TopPasteMaskLayer~#808080~true~false~true~",
    "6~BottomPasteMaskLayer~#800000~true~false~true~",
    "7~TopSolderMaskLayer~#800080~true~false~true~0.3",
    "8~BottomSolderMaskLayer~#AA00FF~true~false~true~0.3",
    "9~Ratlines~#6464FF~false~false~true~",
    "10~BoardOutLine~#FF00FF~true~false~true~",
    "11~Multi-Layer~#C0C0C0~true~false~true~",
    "12~Document~#FFFFFF~true~false~true~",
    "13~TopAssembly~#33CC99~false~false~false~",
    "14~BottomAssembly~#5555FF~false~false~false~",
    "15~Mechanical~#F022F0~false~false~false~",
    "19~3DModel~#66CCFF~false~false~false~",
    "21~Inner1~#999966~false~false~false~~",
    "22~Inner2~#008000~false~false~false~~",
    "23~Inner3~#00FF00~false~false~false~~",
    "24~Inner4~#BC8E00~false~false~false~~",
    "25~Inner5~#70DBFA~false~false~false~~",
    "26~Inner6~#00CC66~false~false~false~~",
    "27~Inner7~#9966FF~false~false~false~~",
    "28~Inner8~#800080~false~false~false~~",
    "29~Inner9~#008080~false~false~false~~",
    "30~Inner10~#15935F~false~false~false~~",
    "31~Inner11~#000080~false~false~false~~",
    "32~Inner12~#00B400~false~false~false~~",
    "33~Inner13~#2E4756~false~false~false~~",
    "34~Inner14~#99842F~false~false~false~~",
    "35~Inner15~#FFFFAA~false~false~false~~",
    "36~Inner16~#99842F~false~false~false~~",
    "37~Inner17~#2E4756~false~false~false~~",
    "38~Inner18~#3535FF~false~false~false~~",
    "39~Inner19~#8000BC~false~false~false~~",
    "40~Inner20~#43AE5F~false~false~false~~",
    "41~Inner21~#C3ECCE~false~false~false~~",
    "42~Inner22~#728978~false~false~false~~",
    "43~Inner23~#39503F~false~false~false~~",
    "44~Inner24~#0C715D~false~false~false~~",
    "45~Inner25~#5A8A80~false~false~false~~",
    "46~Inner26~#2B937E~false~false~false~~",
    "47~Inner27~#23999D~false~false~false~~",
    "48~Inner28~#45B4E3~false~false~false~~",
    "49~Inner29~#215DA1~false~false~false~~",
    "50~Inner30~#4564D7~false~false~false~~",
    "51~Inner31~#6969E9~false~false~false~~",
    "52~Inner32~#9069E9~false~false~false~~",
    "99~ComponentShapeLayer~#00CCCC~false~false~false~",
    "100~LeadShapeLayer~#CC9999~false~false~false~",
    "101~ComponentMarkingLayer~#66FFCC~false~false~false~",
    "Hole~Hole~#222222~false~false~true~",
    "DRCError~DRCError~#FAD609~false~false~true~"
  ],
  "objects": [
    "All~true~false",
    "Component~true~true",
    "Prefix~true~true",
    "Name~true~false",
    "Track~true~true",
    "Pad~true~true",
    "Via~true~true",
    "Hole~true~true",
    "Copper_Area~true~true",
    "Circle~true~true",
    "Arc~true~true",
    "Solid_Region~true~true",
    "Text~true~true",
    "Image~true~true",
    "Rect~true~true",
    "Dimension~true~true",
    "Protractor~true~true"
  ],
  "BBox": {
    "x": 4000.2,
    "y": 3000.2,
    "width": 31.9,
    "height": 31.9
  },
  "netColors": {}
}